,Unnamed: 0,Text,Sentiment
0,0, Enjoying a beautiful day at the park!              , Positive  
1,1, Traffic was terrible this morning.                 , Negative  
2,2, Just finished an amazing workout! üí™               , Positive  
3,3, Excited about the upcoming weekend getaway!        , Positive  
4,4, Trying out a new recipe for dinner tonight.        , Neutral   
5,5, Feeling grateful for the little things in life.    , Positive  
6,6, Rainy days call for cozy blankets and hot cocoa.   , Positive  
7,7, The new movie release is a must-watch!             , Positive  
8,8, Political discussions heating up on the timeline.  , Negative  
9,9, Missing summer vibes and beach days.               , Neutral   
10,10, Just published a new blog post. Check it out!      , Positive  
11,11, Feeling a bit under the weather today.             , Negative  
12,12, Exploring the city's hidden gems.                  , Positive  
13,13," New year, new fitness goals! üí™                    ", Positive  
14,14, Technology is changing the way we live.            , Neutral   
15,15, Reflecting on the past and looking ahead.          , Positive  
16,16, Just adopted a cute furry friend! üêæ              , Positive  
17,17, Late-night gaming session with friends.            , Positive  
18,18, Attending a virtual conference on AI.              , Neutral   
19,19, Winter blues got me feeling low.                   , Negative  
20,20, Sipping coffee and enjoying a good book.           , Positive  
21,21, Exploring the world of virtual reality.            , Positive  
22,22, Productive day ticking off my to-do list.          , Positive  
23,23, Just finished a challenging workout routine.       , Positive  
24,24, Celebrating a milestone at work! üéâ               , Positive  
25,25, Sunday brunch with friends.                        , Positive  
27,28, Learning a new language for personal growth.       , Positive  
28,29, Quiet evening with a good book.                    , Positive  
29,30, Reflecting on the importance of mental health.     , Positive  
30,31, New painting in progress! üé®                       , Positive  
31,32, Weekend road trip to explore scenic views.         , Positive  
32,33, Enjoying a cup of tea and watching the sunset.     , Positive  
33,34, Coding a new project with enthusiasm.              , Positive  
34,35, Feeling inspired after attending a workshop.       , Positive  
35,36, Winter sports day at the local park.               , Positive  
36,37, Quality time with family this weekend.             , Positive  
37,38, Attending a live music concert tonight.            , Positive  
38,39, Practicing mindfulness with meditation.            , Positive  
39,40, Trying out a new dessert recipe.                   , Positive  
40,41, Excited about the upcoming gaming tournament.      , Positive  
41,42, Planning a garden makeover for spring.             , Positive  
42,43, Celebrating a friend's birthday tonight! üéÇ       , Positive  
43,44, Feeling accomplished after a productive day.       , Positive  
44,45, A cozy evening with a good movie.                 , Positive  
45,46, Exploring local art galleries this weekend.        , Positive  
46,47, New book release from my favorite author!          , Positive  
47,48, Attending a virtual reality meetup.                , Positive  
48,49, Reflecting on the beauty of nature.                , Positive  
49,50, Cooking a special dinner for loved ones.           , Positive  
50,51, Feeling optimistic about the week ahead.           , Positive  
51,52, Starting a new fitness challenge tomorrow! üí™     , Positive  
52,53, Sunday bike ride through scenic trails.           , Positive  
53,55, Can't believe the injustice happening in our society., Anger        
54,56, Feeling a sense of fear after watching a thriller movie. , Fear         
55,57, Heartbroken after hearing the news about a natural disaster. , Sadness      
56,58, The state of the world's environment is just disgusting. , Disgust      
57,59, Pure happiness: celebrating a loved one's achievement! , Happiness    
58,60, Laughter is the best medicine‚Äîenjoying a comedy show. , Joy          
59,61, Sharing love and positive vibes with everyone! ‚ù§Ô∏è      , Love         
60,62, An amusing incident brightened up my day!               , Amusement    
61,63, Enjoying a quiet evening with a book and some tea.      , Enjoyment    
62,64, Admiring the beauty of nature during a peaceful hike.   , Admiration   
63,65, Sending affectionate vibes to all my followers!          , Affection    
64,66, Experiencing awe at the breathtaking sunset.            , Awe          
65,67, Disappointed with the service at a local restaurant.    , Disappointed 
66,68, A surprise gift from a friend made my day!              , Surprise     
67,69, Finding acceptance in the midst of life's challenges.   , Acceptance   
68,70, Overflowing with adoration for my adorable pet! üêæ      , Adoration    
69,71, Anticipating a thrilling adventure in the coming weeks. , Anticipation 
70,72, A bitter experience turned into a valuable lesson.      , Bitter       
71,73, Finding calmness in the midst of a busy day.            , Calmness     
72,74, Confusion clouds my mind as I navigate through decisions., Confusion    
73,75, Excitement building up for the upcoming vacation!       , Excitement   
74,76, Kindness witnessed today restored my faith in humanity. , Kind         
75,77, Pride in achieving a personal milestone.               , Pride        
76,78, A moment of shame for not standing up against injustice. , Shame        
77,79, Fuming with anger after a heated argument.            , Anger        
78,80, The fear of the unknown is keeping me up at night.    , Fear         
79,81, Heartfelt sadness after bidding farewell to a dear friend. , Sadness      
80,82, The state of corruption in our society is utterly disgusting. , Disgust      
81,83, Overflowing happiness: welcoming a new family member!  , Happiness    
82,84, Laughter is the key to joy‚Äîattending a stand-up comedy show. , Joy          
83,85, Sending love to all my followers on this beautiful day! ‚ù§Ô∏è , Love         
84,86, Amused by the antics of my pet‚Äîit's pure amusement!      , Amusement    
85,87, Enjoying every moment of this trip‚Äîpure enjoyment!      , Enjoyment    
86,88, Admiring the dedication of volunteers at a local charity. , Admiration   
87,89, Sending affectionate vibes to friends and family.        , Affection    
88,90, Awe-struck by the beauty of the night sky.               , Awe          
89,91, Disappointed with the lack of progress in a personal project. , Disappointed 
90,92, A surprise visit from an old friend brought tears of joy. , Surprise     
91,93, Embracing acceptance of life's ups and downs.           , Acceptance   
92,94, Overflowing adoration for a cute rescue puppy! üê∂       , Adoration    
93,95, Anticipating the release of a much-awaited movie.       , Anticipation 
94,96, Bitter experience at the customer service department.   , Bitter       
95,97, Finding calmness amidst the chaos of daily life.        , Calmness     
96,98, Confusion reigns as I try to make sense of recent events., Confusion    
97,99, Excitement building up for a surprise birthday party.   , Excitement   
98,100, Witnessed an act of kindness that made my day.          , Kind         
99,101, Pride in completing a challenging fitness challenge.    , Pride        
100,102, A moment of shame for not speaking up against injustice., Shame        
101,103, Reflecting on the beauty of diversity in our world.     , Acceptance   
102,104, Excitement for a quiet evening with a good book.        , Excitement   
103,105, Feeling bitter about the unfairness in the workplace.   , Bitter       
104,106, Calmness prevails as I practice mindfulness.            , Calmness     
105,107, Confusion surrounds me as I navigate through life's choices. , Confusion 
106,108, Excitement for a weekend road trip to explore new places. , Excitement 
107,109, Kindness witnessed today restores my faith in humanity.  , Kind         
108,110, Pride in accomplishing personal and professional goals.  , Pride        
109,111, Shame for not being true to my values in a difficult situation., Shame 
110,112," Revisiting old memories, feeling a sense of elation. ", Elation       
111,113, The victory of our team brought euphoria to the city. , Euphoria      
112,114," Embracing the beauty of nature, a moment of contentment. ", Contentment   
113,115," Meditating by the serene lake, finding inner peace.   ", Serenity      
114,116, Overflowing with gratitude for life's blessings.      , Gratitude     
115,117," Hopeful for a brighter tomorrow, despite challenges.  ", Hope          
116,118, Empowered to make a difference in my community.        , Empowerment   
117,119, Compassion in action: supporting a local charity event. , Compassion    
118,120," A moment of tenderness, connecting with loved ones.    ", Tenderness    
119,121, Arousal of excitement as I await a special announcement., Arousal       
120,122, Enthusiastically diving into a new project.            , Enthusiasm    
121,123, Feeling a sense of fulfillment after reaching a milestone., Fulfillment  
122,124, Reverence for the beauty of a historic landmark.       , Reverence     
123,125, Elation after a surprise reunion with old friends.    , Elation       
124,126, The euphoria of a live music concert under the stars.  , Euphoria      
125,127, Contentment in the simplicity of a quiet Sunday.       , Contentment   
126,128, Serenity found in the pages of a favorite book.        , Serenity      
127,129, Gratitude for the support received during tough times. , Gratitude     
128,130, Hopeful about the possibilities of a new journey.      , Hope          
129,131, Empowerment through learning and personal growth.      , Empowerment   
130,132, Compassion towards those in need during the holidays.  , Compassion    
131,133, Tenderness in the warmth of a cozy winter evening.     , Tenderness    
132,134, Arousal of excitement for an upcoming adventure.       , Arousal       
133,135, Enthusiasm for a creative project in the making.       , Enthusiasm    
134,136, Fulfillment in completing a challenging workout routine., Fulfillment  
135,137, Reverence for the artistry displayed in a museum.      , Reverence     
136,138, Elation after achieving a personal goal.               , Elation       
137,139, Elation over discovering a hidden gem in the city.   , Elation       
138,140, The euphoria of a surprise birthday celebration.     , Euphoria      
139,141, Contentment in the simplicity of a home-cooked meal. , Contentment   
140,142, Serenity found in the melody of a peaceful piano.    , Serenity      
141,143, Gratitude for the supportive community around me.    , Gratitude     
142,144, Hopeful about the prospects of a new business venture., Hope          
143,145, Empowerment through mentoring and guiding others.    , Empowerment   
144,146, Compassion shown through acts of kindness in the community., Compassion
145,147, Tenderness in a heartfelt message to a loved one.    , Tenderness    
146,148, Arousal of excitement before a much-awaited trip.    , Arousal       
147,149, Enthusiasm for a new artistic project in the works.  , Enthusiasm    
148,150, Feeling a sense of fulfillment after helping others. , Fulfillment   
149,151, Reverence for the historical significance of a landmark., Reverence 
150,152, Elation after achieving a fitness milestone.         , Elation       
151,153, The euphoria of a successful product launch.         , Euphoria      
152,154, Contentment in the embrace of a loved one.           , Contentment   
153,155, Serenity found in the beauty of a sunset by the sea.  , Serenity      
154,156, Gratitude for the small joys that each day brings.   , Gratitude     
155,157, Hopeful about the potential for personal growth.      , Hope          
156,158, Empowerment through learning a new skill.            , Empowerment   
157,159, Compassion in volunteering for a local charity.       , Compassion    
158,160, Tenderness in a quiet moment shared with a pet.      , Tenderness    
159,161, Arousal of excitement for an upcoming festival.       , Arousal       
160,162, Enthusiasm for a DIY home improvement project.       , Enthusiasm    
161,163, Fulfillment in completing a challenging puzzle.      , Fulfillment   
162,164, Reverence for the wonders of nature on a hiking trail., Reverence 
163,165, Elation after a surprise reunion with a childhood friend., Elation   
164,166, Suffering from despair after another setback.      , Despair         
165,167," Overwhelmed by grief, missing a loved one dearly.  ", Grief           
166,168, Loneliness creeps in as the night grows colder.    , Loneliness      
167,169, Jealousy consumes me as I witness others' success. , Jealousy        
168,170, Resentment building up over past betrayals.        , Resentment      
169,171, Frustration mounts as obstacles block my path.     , Frustration     
170,172," Boredom sets in, the day feels endlessly dull.     ", Boredom         
171,173," Anxiety grips my heart, worry clouds my thoughts.  ", Anxiety         
172,174, Intimidation by the unknown future ahead.          , Intimidation    
173,175, Helplessness sinks in as challenges pile up.       , Helplessness    
174,176, Envy eats away at me as I see others' prosperity.  , Envy            
175,177, Regret over missed opportunities haunts my thoughts., Regret         
176,178, Disgust at the sight of injustice and cruelty.     , Disgust         
177,179," Drowning in despair, hope slipping through my fingers.", Despair      
178,180," Grief weighs heavy, tears a constant companion.    ", Grief           
179,181," Loneliness in a crowded room, a silent cry for connection.", Loneliness 
180,182," Jealousy gnaws at my confidence, a toxic emotion.  ", Jealousy        
181,183," Resentment festers, poisoning relationships.       ", Resentment      
182,184," Frustration boils over, a volcanic eruption of emotions.", Frustration 
183,185," Boredom settles like dust, life feels mundane.     ", Boredom         
184,186," Anxiety grips my chest, a relentless grip on my thoughts.", Anxiety   
185,187," Intimidation by the challenges ahead, fear takes hold.", Intimidation 
186,188," Helplessness engulfs me, drowning in a sea of problems.", Helplessness 
187,189," Envy poisons my thoughts, coveting others' success.", Envy            
188,190, Regret for decisions that led to a painful present., Regret         
189,191, Disgust at the corruption that stains society.     , Disgust         
190,192," Sinking in despair, each day darker than the last. ", Despair         
191,193," Grief overwhelms, a storm of emotions within.      ", Grief           
192,194," Loneliness echoes in empty spaces, yearning for connection.", Loneliness 
193,195," Jealousy poisons my thoughts, resentment brewing within.", Jealousy    
194,196," Resentment festers, a wound that refuses to heal.  ", Resentment      
195,197," Frustration escalates, a thunderstorm of emotions. ", Frustration     
196,198," Boredom lingers, a stagnant pool of indifference.  ", Boredom         
197,199," Embarking on a journey of discovery, fueled by curiosity and a thirst for knowledge. ", Curiosity       
198,200," Lost in the vast sea of information, an indifferent wave in the digital ocean. ", Indifference    
199,201," The complex puzzle of life leaves me in a state of perpetual confusion, seeking answers in the chaos. ", Confusion       
200,202," A numbness settles over me, a shield against the overwhelming emotions life throws my way. ", Numbness        
201,203," Gazing at the sunset, a melancholic longing for moments that slip through the fingers of time. ", Melancholy      
202,204," Revisiting old photographs, caught in the embrace of nostalgia's bittersweet symphony. ", Nostalgia       
203,205," Torn between conflicting emotions, an ambivalence that paints my decisions in shades of uncertainty. ", Ambivalence     
204,206," Embracing the ebb and flow of life, finding acceptance in the dance of existence. ", Acceptance      
205,207," Facing challenges head-on, a determination that fuels the fire within to achieve the impossible. ", Determination   
206,208," Serenity found in the stillness of nature, a tranquil retreat from the chaos of the modern world. ", Serenity        
207,209," Curiosity leading me down the rabbit hole of knowledge, a perpetual student in life's classroom. ", Curiosity       
208,210," Floating through the day with an air of indifference, detached from the mundane happenings around. ", Indifference    
209,211," Entangled in the web of thoughts, confusion reigning as I navigate the labyrinth of ideas. ", Confusion       
210,212," Numb to the chaos, emotions locked away, a stoic facade concealing the inner turmoil. ", Numbness        
211,213," Melancholy whispers in the breeze, a silent conversation with the echoes of forgotten dreams. ", Melancholy      
212,214," Stumbling upon an old journal, nostalgia flooding in waves, carrying me to moments long gone. ", Nostalgia       
213,215," A tapestry of conflicting feelings, weaving through uncertainty, caught in the threads of ambivalence. ", Ambivalence     
214,216," Embracing the flaws, finding acceptance in imperfection, a journey towards self-love. ", Acceptance      
215,217," Determination burning like a wildfire, overcoming obstacles, turning dreams into reality. ", Determination   
216,218," Tranquil moments by the ocean, serenity washing over, a peaceful retreat within the waves' embrace. ", Serenity        
217,219," Exploring new horizons with the spark of curiosity, an adventurer in the vast landscape of knowledge. ", Curiosity       
218,220," Drifting through the day with a nonchalant demeanor, embracing the art of indifference. ", Indifference    
219,221," Wrestling with thoughts, a perplexed mind lost in the labyrinth of life's complexities. ", Confusion       
220,222," Immersed in a state of emotional numbness, a shield against the storm of daily struggles. ", Numbness        
221,223," A melancholic symphony playing in the background, the soundtrack of a wistful heart. ", Melancholy      
222,224," Flipping through the pages of an old yearbook, nostalgia painting smiles and tears on my face. ", Nostalgia       
223,225," Torn between opposing emotions, an ambivalence that colors my decisions with shades of uncertainty. ", Ambivalence     
224,226," Embracing life's imperfections, finding acceptance in the journey, scars and all. ", Acceptance      
225,227," A fiery determination burning within, fueled by the vision of reaching unparalleled heights. ", Determination   
226,228," Basking in the serenity of a quiet forest, where the whispers of nature bring peace to the soul. ", Serenity        
227,231," Indifferent to the noise of the world, a silent observer in the midst of life's cacophony. ", Indifference    
228,232," Navigating through the labyrinth of thoughts, confusion a constant companion in the maze of ideas. ", Confusion       
229,233," An impenetrable numbness shields me from the emotional storms, a fortress of stoic resilience. ", Numbness        
230,234," Melancholy painting the world in hues of nostalgia, a canvas of bittersweet memories. ", Melancholy      
231,235," A journey into the past, flipping through the pages of an old diary, nostalgia taking the lead. ", Nostalgia       
232,236," Ambivalence clouding decisions, caught in the crossroads of conflicting emotions. ", Ambivalence     
233,237," Embracing imperfections, finding acceptance in the mosaic of life's beautiful chaos. ", Acceptance      
234,238," Determination as the driving force, propelling me forward on the path to extraordinary achievements. ", Determination   
235,239," Seeking serenity in the melody of raindrops, a tranquil escape from the noise of everyday life. ", Serenity        
236,240," Curiosity driving the exploration of the unknown, a seeker of knowledge in uncharted territories. ", Curiosity       
237,241," Drifting through the day with an air of nonchalance, indifferent to the trivialities of life. ", Indifference    
238,242," Lost in the labyrinth of thoughts, confusion casting shadows on the quest for clarity. ", Confusion       
239,243," Wrapped in the cloak of emotional numbness, a shield against the storms of life's turbulence. ", Numbness        
240,244," Melancholy as a companion, painting the canvas of life with the brushstrokes of wistful yearning. ", Melancholy      
241,245," Leafing through the pages of an old photo album, nostalgia weaving tales of laughter and tears. ", Nostalgia       
242,246," Ambivalence in the air, caught between the crossroads of conflicting emotions and decisions. ", Ambivalence     
243,247," Embracing the beauty in imperfections, finding acceptance in the mosaic of life's unpredictable art. ", Acceptance      
244,248," Determination ablaze, forging a path through challenges, sculpting dreams into tangible realities. ", Determination   
245,249," Immerse in the serenity of a moonlit night, where the quiet whispers of nature bring peace to the soul. ", Serenity        
246,250," Fueled by curiosity, venturing into uncharted realms, a fearless explorer of the mysteries of the world. ", Curiosity       
247,251,"Wrapped in the cloak of emotional numbness, a shield against the storms of life's turbulence. ", Numbness 
248,252," Dancing through life with the exuberance of a carefree spirit, embracing joy and zest at every turn. ", Zest 
249,253," Basking in the golden glow of contentment, a serene river flowing through the landscape of the heart. ", Contentment 
250,254," Gazing towards the horizon with hopeful eyes, painting a canvas of dreams illuminated by the sun of optimism. ", Hopeful 
251,255," Standing tall, proud as an oak, the branches of achievement reaching towards the sky of accomplishment. ", Proud 
252,256," A heart overflowing with gratitude, a garden where appreciation blooms in the soil of kindness and connection. ", Grateful 
253,257," Extending a hand, empathetic threads weaving a tapestry of understanding, embracing the joys and sorrows of others. ", Empathetic 
254,258," Compassionate clouds, heavy with care, showering empathy on the parched grounds of human suffering. ", Compassionate 
255,259," Playfully dancing in the rain of laughter, a whimsical spirit twirling in the puddles of joy and lightheartedness. ", Playful 
256,260," Soaring on the wings of a free spirit, unburdened by the chains of conformity, painting the sky with independence. ", Free-spirited 
257,261," Bathed in the glow of inspiration, a creative phoenix rising from the ashes of ordinary thoughts to explore new realms. ", Inspired 
258,262," Navigating the sea of hope, sailing towards the sunrise of possibilities, confident in the ship of positive anticipation. ", Hopeful 
259,263," Striding with confidence, footprints of self-assuredness imprinted on the sands of challenges conquered and victories claimed. ", Confident 
260,264," Lost in the symphony of the night, a moonlit serenade that whispers tales of wanderlust and moonlit dreams. ", Serenity 
261,265," Unveiling the layers of curiosity, a labyrinth of questions leading to the treasure troves of undiscovered knowledge. ", Curiosity 
262,266," In the embrace of the autumn breeze, leaves of ambivalence dancing in a waltz between choices and uncertainties. ", Ambivalence 
263,267," Gratitude as a guiding star, navigating the constellation of blessings in the vast universe of life's precious moments. ", Grateful 
264,268," With a zestful heart, sprinting through fields of enthusiasm, chasing sunbeams and laughter in the meadows of joy. ", Zest 
265,269," A compassionate rain, tears of empathy falling gently, nurturing the seeds of kindness in the garden of human connections. ", Compassionate 
266,270," Proudly scaling the peaks of achievement, a mountaineer conquering challenges and planting the flag of success. ", Proud 
267,271," Embraced by the hopeful dawn, a gardener sowing seeds of optimism, tending to the blooms of a brighter tomorrow. ", Hopeful 
268,272," A playful escapade in the carnival of life, carousel laughter and cotton candy dreams swirling in the joyous atmosphere. ", Playful 
269,273," Floating on clouds of inspiration, an artist painting the sky with strokes of creativity, creating a masterpiece of dreams. ", Inspired 
270,274," Navigating the river of contentment, a serene boat cruise through the tranquil waters of inner peace and acceptance. ", Contentment 
271,275," With empathy as a lantern, wandering through the dark alleys of sorrow, illuminating the path with compassion and care. ", Empathetic 
272,276," A free spirit soaring on the wings of dreams, leaving trails of independence in the azure sky of boundless possibilities. ", Free-spirited 
273,277," Bathed in the golden hues of gratefulness, a sunset of appreciation casting its warm glow on the landscapes of the heart. ", Grateful 
274,278," Confident strides in the dance of life, a ballroom where self-assuredness leads, twirling through challenges with grace. ", Confident 
275,279," Hopeful whispers of wind, carrying the promises of a brighter tomorrow, a symphony of optimism in the air of possibilities. ", Hopeful 
276,280," Playfully juggling responsibilities, a circus performer balancing the acts of work and joy, tossing laughter into the air. ", Playful 
277,281," Whispering tales of inspiration to the stars, a storyteller crafting constellations from the threads of imagination. ", Inspired 
278,282," Charting a course through the waves of hopeful anticipation, a sailor steering towards the shores of dreams yet unexplored. ", Hopeful 
279,283," A compassionate rain, tears of empathy falling gently, nurturing the seeds of kindness in the garden of human connections. ", Compassionate 
280,284," Proudly scaling the peaks of achievement, a mountaineer conquering challenges and planting the flag of success. ", Proud 
281,285," Embraced by the hopeful dawn, a gardener sowing seeds of optimism, tending to the blooms of a brighter tomorrow. ", Hopeful 
282,286," A playful escapade in the carnival of life, carousel laughter and cotton candy dreams swirling in the joyous atmosphere. ", Playful 
283,287," Floating on clouds of inspiration, an artist painting the sky with strokes of creativity, creating a masterpiece of dreams. ", Inspired 
284,288," Navigating the river of contentment, a serene boat cruise through the tranquil waters of inner peace and acceptance. ", Contentment 
285,289," With empathy as a lantern, wandering through the dark alleys of sorrow, illuminating the path with compassion and care. ", Empathetic 
286,290," A free spirit soaring on the wings of dreams, leaving trails of independence in the azure sky of boundless possibilities. ", Free-spirited 
287,291," Bathed in the golden hues of gratefulness, a sunset of appreciation casting its warm glow on the landscapes of the heart. ", Grateful 
288,292," Confident strides in the dance of life, a ballroom where self-assuredness leads, twirling through challenges with grace. ", Confident 
289,293," Hopeful whispers of wind, carrying the promises of a brighter tomorrow, a symphony of optimism in the air of possibilities. ", Hopeful 
290,294," Playfully juggling responsibilities, a circus performer balancing the acts of work and joy, tossing laughter into the air. ", Playful 
291,295," Whispering tales of inspiration to the stars, a storyteller crafting constellations from the threads of imagination. ", Inspired 
292,296," Charting a course through the waves of hopeful anticipation, a sailor steering towards the shores of dreams yet unexplored. ", Hopeful 
293,297," A compassionate rain, tears of empathy falling gently, nurturing the seeds of kindness in the garden of human connections. ", Compassionate 
294,298," Proudly scaling the peaks of achievement, a mountaineer conquering challenges and planting the flag of success. ", Proud 
295,299," Embraced by the hopeful dawn, a gardener sowing seeds of optimism, tending to the blooms of a brighter tomorrow. ", Hopeful 
296,300," A playful escapade in the carnival of life, carousel laughter and cotton candy dreams swirling in the joyous atmosphere. ", Playful 
297,301," Drowning in the abyss of despair, a heart shattered into fragments, lost in the echoing silence of hopelessness. ", Despair 
298,302," Bitterness festering like a venomous vine, entwining the soul in a web of resentment, poisoning the garden of peace. ", Bitterness 
299,303," Wandering through the desert of loneliness, each step a heavy sigh, mirages of connection shimmering but never materializing. ", Loneliness 
300,304," Yearning for a touch that's not there, echoes of a distant warmth haunting the heart in the cold embrace of solitude. ", Yearning 
301,305," Eyes wide open in the night, fearful shadows dancing on the walls, the mind a prisoner of imagined horrors. ", Fearful 
302,306," Apprehensive steps on the tightrope of uncertainty, a balancing act where the fall seems inevitable, anxiety a constant companion. ", Apprehensive 
303,307," Overwhelmed by the weight of the world, Atlas with trembling shoulders, each responsibility a boulder in the landscape of exhaustion. ", Overwhelmed 
304,308," Jealousy, a green-eyed monster, lurking in the shadows, casting a dark cloud over the sunshine of others' success. ", Jealous 
305,309," Devastated by the storm of betrayal, the wreckage of trust scattered like debris, a heart torn by the winds of broken promises. ", Devastated 
306,310," Frustrated fingers tapping on the keyboard, a symphony of annoyance composing an unsolvable puzzle of unmet expectations. ", Frustrated 
307,311," Envious eyes fixated on the gilded prize, a heartache fueled by the painful desire for possessions that seem forever out of reach. ", Envious 
308,312," Dismissive glances, a fortress built with indifference, walls impenetrable to the pleas of understanding and recognition. ", Dismissive 
309,313," Shattered dreams lie on the floor like fragments of glass, a mosaic of disappointment crafted by the hands of frustration. ", Frustrated 
310,314," Loneliness, a silent companion in the night, the only echo in the chamber of solitude, a heart's solitary nocturne. ", Loneliness 
311,315," Fearful whispers in the dark, the mind haunted by the specter of the unknown, shadows dancing to the rhythm of anxiety's tune. ", Fearful 
312,316," Bitterness, a bitter aftertaste lingering on the tongue, each word a reminder of wounds that refuse to heal with the passing of time. ", Bitterness 
313,317," Overwhelmed by the cacophony of expectations, a drowning soul in the tempest of pressure, struggling to stay afloat. ", Overwhelmed 
314,318," Jealousy, a venom that seeps through the veins, poisoning the heart and turning it into a breeding ground for discontent. ", Jealous 
315,319," Devastated by the revelation of betrayal, the trust shattered like fragile glass, leaving shards of pain in its wake. ", Devastated 
316,320," Frustrated attempts to mend a broken connection, the threads of understanding slipping through the fingers like grains of sand. ", Frustrated 
317,321," Envious gazes cast upon the podium of success, a bitter pill swallowed, the taste lingering as a constant reminder of unattained heights. ", Envious 
318,322," Dismissive gestures, a curtain drawn to shield the vulnerability, a stage where emotions take a backseat to the performance of indifference. ", Dismissive 
319,323," Despair like a heavy fog, enveloping every thought, blurring the path ahead, a journey in the labyrinth of utter hopelessness. ", Despair 
320,324," Bitterness, a bitter chill in the air, freezing moments into icicles of resentment that dangle precariously over the landscape of memory. ", Bitterness 
321,325," Loneliness, a solitary moon in a starless sky, casting a cold glow on the landscape of isolation, where echoes bounce in empty spaces. ", Loneliness 
322,326," Yearning for the warmth of a vanished sun, a heartache painted in the hues of a sunset that never graced the horizon. ", Yearning 
323,327," Fearful eyes scanning the shadows, a prisoner of the night, terrorized by the lurking monsters born from the mind's darkest corners. ", Fearful 
324,328," Apprehensive whispers in the wind, a forecast of uncertainty, the mind's weather vane spinning wildly in the storm of doubt. ", Apprehensive 
325,329," Overwhelmed by the maze of expectations, a minotaur of pressure lurking in the labyrinth, waiting to devour the spirit of resilience. ", Overwhelmed 
326,330," Jealousy, a festering wound, the pain intensifying with each glance at the garden of others' achievements, blooming beyond the fence. ", Jealous 
327,331," Devastated, a heart in ruins, the echoes of shattered dreams reverberating in the chambers, a requiem for what once was whole. ", Devastated 
328,332," Frustrated attempts to untangle the knot of confusion, the threads of understanding slipping further into the labyrinth of miscommunication. ", Frustrated 
329,333," Envious eyes locked on the treasure chest of opportunities, a heartache fueled by the desire for keys that seem forever elusive. ", Envious 
330,334," Dismissive gestures, a curtain drawn to shield the vulnerability, a stage where emotions take a backseat to the performance of indifference. ", Dismissive 
331,335," Shattered dreams lie on the floor like fragments of glass, a mosaic of disappointment crafted by the hands of frustration. ", Frustrated 
332,336," Loneliness, a silent companion in the night, the only echo in the chamber of solitude, a heart's solitary nocturne. ", Loneliness 
333,337,Awe-struck by the breathtaking sunrise over the mountains.      , Awe           
334,338,Navigating through the challenges with determination.          , Determination 
335,339,Nostalgia hits while flipping through an old photo album.     , Nostalgia      
336,340,Thrilled to witness the grandeur of a cultural festival.       , Thrill        
337,341,Calmness found in the rhythm of raindrops on the windowpane.   , Calmness      
338,342,Overwhelmed by the support received during a personal challenge., Overwhelmed   
339,343,Excitement builds as the countdown to a long-awaited vacation begins. , Excitement 
340,344,"Reflecting on life's journey, grateful for the lessons learned. ", Gratitude   
341,345,Bittersweet emotions arise while bidding farewell to a dear friend. , Bittersweet 
342,346,Curiosity sparked by exploring a mysterious ancient ruin.      , Curiosity     
343,347,Admiration for the intricate details of a handcrafted masterpiece. , Admiration    
344,348,Overjoyed by the warmth of a cozy fireplace on a winter evening.   , Overjoyed     
345,349,Inspiration strikes while observing the colors of a vibrant sunset., Inspiration   
346,350,Motivated to achieve fitness goals after an invigorating workout.  , Motivation    
347,351,Gratitude for the simple joys found in a cup of morning coffee.    , Gratitude     
348,352,Feeling empowered after conquering a challenging hiking trail.     , Empowerment   
349,353,Amused by the antics of playful kittens during playtime.           , Amusement     
350,354,Contemplating life's mysteries under the starry night sky.         , Contemplation 
351,355,Joyful reunion with long-lost friends after years of separation.   , JoyfulReunion 
352,356,Excitement builds while preparing for a surprise celebration.     , Excitement    
353,357,Satisfaction derived from successfully completing a DIY project.  , Satisfaction  
354,358,Feeling blessed for the supportive community in times of need.    , Blessed       
355,359,Captivated by the serenity of a tranquil garden in full bloom.     , Serenity      
356,360,Anticipation for an upcoming adventure in an exotic destination.   , Anticipation  
357,361,Reflecting on personal growth achieved through life experiences.  , Reflection    
358,362,Nostalgic memories flood in while revisiting childhood favorites. , Nostalgia     
359,363,Appreciation for the vibrant culture experienced during travel.   , Appreciation  
360,364,Confidence soars after overcoming public speaking anxiety.       , Confidence    
361,365,Contentment in the midst of a family gathering filled with laughter. , Contentment   
362,366,Enthusiasm for learning new skills and expanding knowledge.      , Enthusiasm    
363,367,Surprise and delight at discovering a hidden gem in the city.    , Surprise      
364,368,A sense of accomplishment after completing a challenging workout., Accomplishment 
365,369,Wonderment at the beauty of a double rainbow after the rain.     , Wonderment    
366,370,Optimism for a bright future amidst challenging times.           , Optimism      
367,371,Pride in achieving a personal milestone in career progression.   , Pride         
368,372,Happiness blooms like flowers in a garden on a sunny day.        , Happiness     
369,373,Elation over discovering a rare book in a quaint bookstore.      , Elation       
370,374,Curiosity piqued by the mysteries of an ancient archaeological site., Curiosity   
371,375,Mesmerized by the cosmic dance of fireflies on a moonlit night.    , Enchantment   
372,376,Intrigued by the symphony of colors in an abstract art exhibition. , Intrigue      
373,377,Giggles and joy echo in the air during a children's playdate.      , PlayfulJoy    
374,378,Enveloped in serenity while practicing mindfulness by the lake.    , Mindfulness   
375,379,Chasing dreams like a kite soaring high in the vast open sky.      , DreamChaser   
376,380,Spellbound by the elegance of a ballroom dance under crystal chandeliers. , Elegance 
377,381,Whimsical delight in a world of fairy tales and magical creatures.  , Whimsy        
378,382,Pensive contemplation amid the ancient ruins of a forgotten civilization. , Pensive 
379,383,Embracing the thrill of speed on a rollercoaster's exhilarating twists. , Thrill      
380,384,Harmony resonates as musicians play a melody of unity and togetherness. , Harmony    
381,385,A burst of creativity in the quiet solitude of an artist's studio.  , Creativity   
382,386,Radiant joy akin to blooming flowers on a sun-kissed spring morning. , Radiance    
383,387,A sense of wonder at the vastness of the cosmos on a stargazing night. , Wonder     
384,388,Rejuvenated by the salty breeze and the sound of waves at the seaside. , Rejuvenation 
385,389,Whispers of inspiration from the rustling leaves in a serene forest. , Inspiration 
386,390,Savoring the warmth of a cup of cocoa on a chilly winter evening.   , Coziness     
387,391,Heartfelt gratitude for the laughter shared during a family reunion. , Gratitude  
388,392,"Embarking on a culinary adventure, savoring exotic flavors around the world. ", Adventure 
389,393,Euphoria floods in as the final puzzle piece clicks into place.       , Euphoria   
390,394,Awe-inspired by the grandeur of an ancient cathedral's intricate architecture. , Awe    
391,395,Captivated by the ethereal beauty of a field filled with fireflies. , Enchantment   
392,396,Immersed in the enchanting melodies of a street musician's violin. , Melodic       
393,397,Joyful laughter resonates through a lively summer carnival.         , FestiveJoy    
394,398,Exploring the universe within during a mindful meditation session. , InnerJourney  
395,399,Soaring like a free spirit on the winds of a coastal cliff.        , Freedom       
396,400,Dazzled by the elegance of a masquerade ball's dazzling costumes. , Dazzle        
397,401,Whimsical delight in a world of whimsical fairy tales.             , Whimsy        
398,402,Reflective contemplation amid the ruins of a forgotten era.        , Reflection    
399,403,Riding the adrenaline rush on a rollercoaster's wild twists.      , Adrenaline     
400,404,Harmony resonates as musicians play a symphony of unity.           , Harmony       
401,405,A burst of artistic creativity in the quietude of an artist's studio. , ArtisticBurst 
402,406,Radiant joy akin to blossoming flowers on a sunlit spring morning. , Radiance      
403,407,Awe-inspired by the vastness of the cosmos on a stargazing night.   , Wonder       
404,408,Rejuvenated by the salty breeze and the sound of waves at the seaside. , Rejuvenation 
405,409,Whispers of inspiration from the rustling leaves in a serene forest. , Inspiration  
406,410,Savoring the warmth of a cup of cocoa on a chilly winter evening.   , Coziness     
407,411,Heartfelt gratitude for the laughter shared during a family reunion. , Gratitude  
408,412,"Embarking on a culinary odyssey, savoring flavors around the world. ", CulinaryOdyssey 
409,413,Euphoria floods in as the final puzzle piece fits perfectly.       , Euphoria     
410,414,Awe-struck by the grandeur of an ancient cathedral's intricate architecture. , Awe    
411,415,Curiosity awakened by the mysteries of an ancient archaeological site. , Curiosity  
412,416,Giddy with excitement as the first snowflakes dance from the sky. , Excitement   
413,417,Contentment envelops as the aroma of freshly baked bread fills the air. , Contentment 
414,418,Inspired by the resilience of a lone tree standing tall in a storm. , Resilience   
415,419,"Lost in the pages of a captivating novel, transported to another world. ", Immersion 
416,420,Drenched in nostalgia while flipping through an old family photo album. , Nostalgia 
417,421,Spark of inspiration ignites like a shooting star in the night sky. , Spark        
418,422,Imbued with gratitude for the simple pleasure of a warm cup of tea. , Gratitude    
419,423,Marveling at the kaleidoscope of colors in a vibrant street market. , Marvel       
420,424,Awash with serenity as the sun sets over a tranquil lakeside retreat. , Serenity   
421,425,Drowning in sorrow as memories of lost love resurface.            , Heartbreak    
422,426,Numbness sets in as the weight of loneliness grows heavier.       , Loneliness    
423,427,"Tears fall like raindrops, mourning the end of a cherished friendship. ", Grief      
424,428,"Despair clouds the mind, feeling adrift in an endless sea of darkness. ", Despair   
425,429,"Shattered by betrayal, trust crumbles like fragile glass.          ", Betrayal      
426,430,"Aching heart, the symphony of pain plays in the silence of solitude. ", Suffering 
427,431,"Emotional storm, a whirlwind of sadness engulfs every thought.    ", EmotionalStorm 
428,432,"Haunted by regrets, the ghost of the past lingers relentlessly.   ", Regret        
429,433,"Torn apart by grief, the echoes of loss reverberate through the soul. ", Grief      
430,434,"Isolation deepens, an emotional winter where warmth is but a distant memory. ", Isolation 
431,435,"Soul-crushing disappointment, hopes shattered like fragile glass. ", Disappointment 
432,436,"Painful echoes of a love once cherished, now lost in the abyss of time. ", LostLove 
433,437,"Heartache deepens, a solitary journey through the abyss of despair. ", Despair   
434,438,"Melancholy lingers, a bittersweet serenade in the quietude of solitude. ", Melancholy 
435,439,"Bitterness like a poison, seeping into every crevice of the wounded heart. ", Bitterness 
436,440,"Emotional exhaustion, the weight of the world crushing weary shoulders. ", Exhaustion 
437,441,"Sorrowful echoes, a symphony of pain played by the strings of loss. ", Sorrow      
438,442,"Darkness descends, engulfing the soul in the shadows of despair.  ", Darkness     
439,443,"Desperation whispers, the silent plea for a glimmer of hope in the abyss. ", Desperation 
440,444,"Heart in ruins, the remnants of shattered dreams scattered in the wind. ", Ruins      
441,445,"Shattered by the echoes of a shattered dream, fragments of hope scattered. ", Desolation 
442,446,"Avoiding the thorns of regret, walking barefoot on the path of remorse. ", Regret 
443,447,"In the labyrinth of grief, the walls echo with the footsteps of lost joy. ", Grief 
444,448,"A soul adrift in the sea of solitude, waves of loneliness crashing relentlessly. ", Loneliness 
445,449,"The bitterness of betrayal, a taste that lingers, staining the palate of trust. ", Bitterness 
446,450,"In the ruins of hope, echoes of shattered dreams whisper tales of loss. ", Desolation 
447,451,"Sinking like a stone in the ocean of heartbreak, each ripple a sigh of despair. ", Heartbreak 
448,452,"Tears, the ink staining the pages of a journal, a testament to silent grief. ", Grief 
449,453,"In the wasteland of lost trust, the echoes of broken promises reverberate. ", Betrayal 
450,454,"Avoiding the shards of shattered dreams, walking the tightrope of resilience. ", Resilience 
451,455,"Suffocating in the silence of solitude, where echoes of laughter once thrived. ", Isolation 
452,456,"Haunted by the specter of lost possibilities, a ghost that refuses to fade away. ", Regret 
453,457,"In the labyrinth of despair, the echoes of a broken heart reverberate endlessly. ", Despair 
454,458,"Sinking like autumn leaves in the river of sorrow, carried away by the current. ", Sorrow 
455,459,"In the garden of broken dreams, petals fall, a silent testimony to shattered hopes. ", Desolation 
456,460,"Tears, the currency of grief, spent in the marketplace of lost love and longing. ", Grief 
457,461,"Wandering in the maze of betrayal, the walls closing in with every wrong turn. ", Betrayal 
458,462,"A soul weathered by the storm of heartbreak, seeking refuge in the calm after. ", Heartbreak 
459,463,"In the tapestry of despair, threads of hope unravel, leaving a portrait of sorrow. ", Despair 
460,464,"Like a withered rose in the garden of love, petals fall, a silent surrender to time. ", Loss 
461,465,"In the void of heartache, echoes of a love song play, each note a pang of longing. ", Heartache 
462,466,"Nostalgia, a bittersweet dance in the moonlit ballroom of cherished memories. ", Nostalgia 
463,467,"In the symphony of grief, each tear is a note, composing a melancholic melody. ", Grief 
464,468,"Betrayal, a venomous serpent slithering through the garden of trust, poisoning roots. ", Betrayal 
465,469,"Sinking in the quicksand of despair, the harder you fight, the deeper you descend. ", Despair 
466,470,"Wandering through the cemetery of lost dreams, tombstones marking untold sorrows. ", Desolation 
467,471,"Swept away by the river of regret, the currents of the past refusing to release. ", Regret 
468,472,"Whispers of lost love linger in the attic of the heart, forgotten but not erased. ", Loss 
469,473,"In the gallery of broken promises, each shattered vow framed, a painful exhibition. ", Betrayal 
470,474,"The echoes of solitude, a silent conversation between a soul and its shadows. ", Solitude 
471,475,"Dancing on sunshine, each step a celebration of the joy found in simple moments. ", Joy 
472,476,"Laughter echoes in the air, a chorus of happiness that lifts the spirit higher. ", Happiness 
473,477,"In the garden of contentment, each bloom whispers tales of inner peace and joy. ", Contentment 
474,478,"Chasing dreams under the vibrant sky, a journey fueled by hope and enthusiasm. ", Enthusiasm 
475,479,"Serenading the stars with a heart full of gratitude, a melody of thankfulness. ", Gratitude 
476,480,"Basking in the glow of accomplishment, each milestone a stepping stone to happiness. ", Accomplishment 
477,481,"In the dance of positivity, every step is a rhythm, uplifting the soul in harmony. ", Positivity 
478,482,"Overflowing with joy, a cup of laughter shared with friends, a moment cherished. ", Joy 
479,483,"Draped in the warmth of kindness, a quilt of compassion stitched with love. ", Kindness 
480,484,"In the garden of friendships, each bloom a testament to the beauty of camaraderie. ", Friendship 
481,485,"In the embrace of love, each heartbeat is a melody, dancing to the rhythm of affection. ", Love 
482,486,"Surrounded by the colors of joy, a canvas painted with laughter and endless smiles. ", Joy 
483,487,"In the symphony of excitement, each note is a burst of energy, igniting the soul with fervor. ", Excitement 
484,488,"A surprise gift, wrapped in anticipation, unfolds a moment of delight and wonder. ", Surprise 
485,489,"Lost in the maze of curiosity, each twist and turn unveils the treasures of discovery. ", Curiosity 
486,490,"Floating on clouds of gratitude, each raindrop a blessing, a shower of thankfulness. ", Gratitude 
487,491,"Like a comet of inspiration, streaking through the sky of creativity, leaving trails of brilliance. ", Inspiration 
488,492,"In the celebration of success, fireworks of accomplishment light up the night sky of triumph. ", Success 
489,493,"A symphony of laughter, each note a key to unlocking the door of boundless happiness. ", Happiness 
490,494,"In the carnival of emotions, the rollercoaster of thrill sends the heart on a wild ride. ", Thrill 
491,495,"Standing before the grandeur of the Eiffel Tower, a moment to reflect on the beauty of Parisian dreams. ", Reflection 
492,496,"Lost in the enchantment of Disneyland, each ride a journey into the realm of childhood fantasies. ", Enchantment 
493,497,"Exploring the wonders of Ferrari World, the roar of engines creating a symphony of speed. ", Excitement 
494,498,"Amidst the tulip fields of Keukenhof, a tapestry of colors that paints the soul with springtime joy. ", Joy 
495,499,"Wandering through the historical streets of Kyoto, each step a journey into the heart of Japan's traditions. ", Exploration 
496,500,"In the embrace of the Grand Canyon, nature's masterpiece, a moment to marvel at Earth's grandeur. ", Awe 
497,501,"Journeying through the serenity of Santorini, where each sunset paints the sky with hues of tranquility. ", Serenity 
498,502,"Amazed by the architectural marvels of Petra, each stone telling tales of an ancient civilization. ", Amazement 
499,503,"Embarking on a gondola ride in Venice, each canal reflecting the romance of this timeless city. ", Romance 
500,504,"At the summit of Machu Picchu, a breathtaking panorama that whispers the secrets of ancient civilizations. ", Awe 
501,505,"In the heart of New York City, Times Square dazzles with lights, a vibrant spectacle of urban energy. ", Excitement 
502,506,"Captivated by the historical charm of the Colosseum, each stone echoing tales of gladiator valor. ", Captivation 
503,507,"Sailing the azure waters of the Maldives, each wave a whisper of serenity in paradise. ", Serenity 
504,508,"In the midst of the Amazon rainforest, a symphony of wildlife creates an orchestra of nature's wonders. ", Wonder 
505,509,"Walking the Great Wall of China, each step a testament to ancient engineering marvels. ", Awe 
506,510,"At the summit of Mount Fuji, a breathtaking sunrise that paints the sky with hues of accomplishment. ", Accomplishment 
507,511,"Exploring the ancient ruins of Angkor Wat, each stone whispering stories of Khmer civilization. ", Exploration 
508,512,"Skiing down the slopes of the Swiss Alps, each turn a dance with the majesty of snow-capped peaks. ", Adventure 
509,513,"In the tranquility of Kyoto's bamboo forest, whispers of ancient Zen wisdom echo through the groves. ", Tranquility 
510,514,"Cruising the fjords of Norway, each icy landscape a breathtaking masterpiece of nature's grandeur. ", Grandeur 
511,515,"At the front row of Adele's concert, each note of 'Someone Like You' resonates with soul-stirring emotion. ", Emotion 
512,516,"Dancing under the stars at Beyonc√©'s live show, feeling the power of 'Single Ladies' in every move. ", Energy 
513,517,"In the crowd of a Taylor Swift concert, the lyrics of 'Love Story' create an enchanting fairy tale. ", Enchantment 
514,518,"Rocking out to the guitar solos at a Queen tribute concert, a journey back in time with Freddie's spirit. ", Nostalgia 
515,519,"Swaying to Ed Sheeran's acoustic melodies, a serene evening filled with 'Perfect' moments. ", Serenity 
516,520,"Immersed in the pulsating beats of a Bruno Mars concert, where 'Uptown Funk' becomes a city of joy. ", Joy 
517,521,"At a Michael Jackson tribute show, moonwalking through the hits, a celebration of the King of Pop. ", Celebration 
518,522,"Swinging to the rhythms of a Frank Sinatra tribute, feeling the timeless charm of 'Fly Me to the Moon'. ", Charm 
519,523,"In the mosh pit of a Metallica concert, the thunderous chords create a symphony of headbanging ecstasy. ", Ecstasy 
520,524,"Experiencing the magic of a Coldplay concert, where 'Fix You' becomes a beacon of hope in the night. ", Hope 
521,525,"At a Justin Bieber concert, the infectious beats of 'Baby' create a dance floor of unbridled enthusiasm. ", Enthusiasm 
522,526,"In the spotlight at a Lady Gaga show, each costume change is a metamorphosis of creativity and artistry. ", Creativity 
523,527,"Immersed in the soulful melodies of Adele, tears flow freely, moved by the emotion of 'Hello'. ", Emotion 
524,528,"Drenched in confetti at a Katy Perry concert, a kaleidoscope of colors igniting the night sky. ", Colorful 
525,529,"In the audience of a Jay-Z performance, the lyrics of 'Empire State of Mind' become an anthem of pride. ", Pride 
526,530,"Dancing to Shakira's rhythmic beats, hips swaying to the hypnotic charm of 'Hips Don't Lie'. ", Hypnotic 
527,531,"At a U2 concert, the anthemic chords of 'With or Without You' create a timeless moment of connection. ", Connection 
528,532,"Rocking out at a Guns N' Roses show, the iconic riffs of 'Sweet Child o' Mine' echoing in the night. ", Iconic 
529,533,"In the crowd of an Ariana Grande concert, the high notes of 'Into You' create a euphoric symphony. ", Euphoria 
530,534,"Swaying to the reggae vibes of Bob Marley's tribute concert, each chord a journey to Jamaica's soul. ", Journey 
531,535,"Captivated by the spellbinding plot twists, the audience applauds, experiencing a rollercoaster of emotions at the movie premiere. ", Excitement 
532,536,"As the credits roll, a profound sense of nostalgia washes over, reminiscent of cherished moments in classic films. ", Nostalgia 
533,537,"Streaming the latest web series, the viewer is engrossed in the characters' journey, feeling a sense of connection and empathy. ", Engagement 
534,538,"At the film festival, the indie filmmaker's creation receives a standing ovation, evoking pride and a sense of accomplishment. ", Pride 
535,539,"Watching a heartwarming family drama, tears flow freely as the characters overcome challenges, leaving the viewer with a warm glow. ", Touched 
536,540,"At the Oscars, the actor graciously accepts an award, radiating joy and gratitude for the recognition of their outstanding performance. ", Gratitude 
537,541,"Discovering a hidden gem in the world of documentaries, the viewer is enlightened and inspired, feeling a renewed sense of curiosity. ", Inspiration 
538,542,"As the movie credits roll, the viewer experiences a mix of awe and contemplation, pondering the deeper meanings woven into the storyline. ", Contemplation 
539,543,"Binge-watching a thrilling crime series, the suspense keeps the viewer on the edge of their seat, creating a rush of adrenaline. ", Suspense 
540,544,"As the closing scene unfolds, a sense of satisfaction washes over, completing the cinematic journey with a profound and fulfilling ending. ", Satisfaction 
541,545,"Celebrating a historic victory in the World Cup, the nation erupts in joy, united by the triumph of their football team. ", Joy 
542,546,"At the Olympics, the athlete's perseverance shines through, earning a gold medal and inspiring a generation with their remarkable achievement. ", Inspiration 
543,547,"In the cricket championship, a nail-biting finish leaves fans on the edge of their seats, experiencing a rollercoaster of emotions. ", Excitement 
544,548,"Witnessing a record-breaking marathon, spectators are filled with awe and admiration for the endurance and dedication of the runners. ", Admiration 
545,549,"In the tennis grand slam, a fierce rivalry unfolds, captivating fans with a display of skill and sportsmanship on the world stage. ", Captivation 
546,550,"Cheering for the underdog in the basketball finals, the crowd erupts in applause as the team defies odds to claim the championship title. ", Triumph 
547,551,"At the golf tournament, the golfer's precision and focus lead to a stunning victory, leaving spectators in awe of their exceptional skill. ", Awe 
548,552,"Experiencing the thrill of a high-speed Formula 1 race, fans are on the edge of their seats as drivers compete for the championship. ", Thrill 
549,553,"In the cycling world championship, the climber conquers challenging terrains, symbolizing determination and achievement against all odds. ", Determination 
550,554,"Witnessing a heartwarming comeback in the hockey finals, fans share tears of joy as the team secures a historic victory after adversity. ", Heartwarming 
551,555,"After a series of defeats, the soccer team faces disappointment, struggling to find the silver lining in a challenging season. ", Disappointment 
552,556,"In the tennis tournament, a highly anticipated player experiences a setback, leaving fans in shock and questioning the unforeseen turn of events. ", Frustration 
553,557,"Facing a defeat in the championship, the boxer reflects on the challenges, vowing to return stronger and more determined in the next bout. ", Reflection 
554,558,"In the midst of a cycling race, a tire blowout leads to frustration for the cyclist, who valiantly tries to overcome the unexpected obstacle. ", Obstacle 
555,559,"The gymnast's unexpected fall during a routine sparks a wave of sympathy from the audience, highlighting the vulnerability of sports. ", Sympathy 
556,560,"In the golf tournament, a missed crucial putt results in defeat, causing the golfer to reflect on the pressure of high-stakes competition. ", Pressure 
557,561,"Experiencing a series of losses in the basketball season, the team grapples with frustration, determined to turn the tide with renewed effort. ", Renewed Effort 
558,562,"Despite meticulous training, the swimmer faces disappointment as a split-second miscalculation costs them the lead in a crucial race. ", Miscalculation 
559,563,"The weightlifter's failed attempt at a personal record results in frustration, highlighting the challenging nature of pushing physical limits. ", Challenge 
560,564,"In the midst of a soccer match, an unexpected own goal creates a moment of despair for the player, as teammates console and encourage them. ", Despair 
561,565,"In the serene beauty of a sunset, nature unfolds a canvas of colors, evoking a sense of tranquility and wonder. ", Tranquility 
562,566,"Embarking on a spontaneous road trip, the traveler discovers hidden gems, creating memories that will be cherished for a lifetime. ", Adventure 
563,567,"Amidst the bustling city, a quiet caf√© becomes a sanctuary for reflection, where a cup of coffee brings solace to the wandering mind. ", Solace 
564,568,"Exploring the vibrant street art of a cultural neighborhood, each mural tells a story, infusing the city with creativity and expression. ", Creativity 
565,569,"In the world of science, a breakthrough discovery unfolds, pushing the boundaries of knowledge and opening new frontiers of exploration. ", Breakthrough 
566,570,"Connecting with the melody of a live orchestra, the music enthusiast experiences a symphony that resonates deep within the soul. ", Harmony 
567,571,"Embracing the aroma of freshly baked bread, the home chef finds joy in the art of baking, creating delicious memories for loved ones. ", Joy in Baking 
568,572,"Wandering through a historical museum, the history enthusiast becomes immersed in the tales of the past, envisioning bygone eras. ", Envisioning History 
569,573,"In the realm of literature, a captivating novel transports the reader to distant lands, weaving a tapestry of imagination and escape. ", Imagination 
570,574,"Capturing the essence of a bustling market, the photographer freezes moments in time, each frame telling a unique and vibrant story. ", Vibrancy 
571,575,"Underneath the city lights, the dancer expresses emotions through graceful movements, creating a mesmerizing performance under the night sky. ", Mesmerizing 
572,576,"In the heart of a bustling market, the street food connoisseur indulges in a culinary adventure, savoring diverse flavors and aromas. ", Culinary Adventure 
573,577,"As the first snowflake descends, the winter enthusiast eagerly prepares for a season of frosty delights, anticipating the magic of snow-covered landscapes. ", Winter Magic 
574,578,"Amidst the pages of a captivating mystery novel, the reader unravels clues and secrets, experiencing a thrilling journey of suspense and revelation. ", Thrilling Journey 
575,579,"Surrounded by the vibrant colors of a flower garden, the gardener nurtures blossoms, finding joy in the beauty of nature's ever-changing canvas. ", Nature's Beauty 
576,580,"At the astronomy observatory, the stargazer marvels at the vastness of the cosmos, contemplating the mysteries hidden within the celestial expanse. ", Celestial Wonder 
577,581,"Engulfed in the aroma of freshly brewed coffee, the writer finds inspiration in every sip, embarking on a journey of creativity and prose. ", Creative Inspiration 
578,582,"In the realm of fashion, the designer unveils a collection that tells a story, blending innovation and tradition on the runway of creativity. ", Runway Creativity 
579,583,"As the waves crash against the shore, the surfer embraces the thrill of riding the ocean's energy, capturing the essence of freedom in each wave. ", Ocean's Freedom 
580,584,"Exploring the historical architecture of an ancient city, the traveler is transported to a bygone era, where each monument whispers tales of the past. ", Whispers of the Past 
581,585,Successfully avoided eye contact with my crush in the hallway. Mission accomplished. #TeenCrush #StealthMode , Excitement 
582,586,Ran out of snacks during a movie marathon. Crisis level: Emergency! #MovieNightStruggles #TeenProblems , Boredom 
583,587,Spent an hour choosing the perfect filter for a selfie. The struggle for that Instagram aesthetic is real. #SelfieQueen #TeenVibes , Joy 
584,588,Lost my headphones again. How do they vanish into thin air? #HeadphoneMystery #TeenLife , Frustration 
585,589,Decided to study for exams but ended up making memes about studying instead. Procrastination level: Expert. #ProcrastinationNation #TeenConfessions , Surprise 
586,590,"Got dressed for the day, then remembered it's Saturday. Oops. #WeekendVibes #TeenStruggles ", Indifference 
587,591,Survived a group project without any drama. Miracles do happen. #GroupProjectSuccess #TeenAchievements , Satisfaction 
588,592,"Entered the kitchen with the intention to cook. Left with a bag of chips. Cooking is overrated, anyway. #MasterChefInTraining #TeenHumor ", Disgust 
589,593,"Staring at the clock in class, waiting for the bell to ring like it's the most exciting event of the day. #ClassCountdown #TeenLife ", Surprise 
590,594,"Discovered a new book series and spent the whole night reading. Who needs sleep, anyway? #BookwormLife #LateNightReading ", Joy 
591,595,"Bought a new video game, played for hours, forgot to eat. The ultimate gaming session. #GamerLife #NoFoodGaming ", Excitement 
592,596,Spent the day binge-watching a new series. Productivity level: Zero. #LazyDay #TVSeriesMarathon , Joy 
593,597,Caught up on the latest fashion trends and now planning a shopping spree. #Fashionista #TrendyTeen , Excitement 
594,598,Decided to learn a new instrument. Day one: Still trying to figure out how to hold it. #MusicNovice #LearningJourney , Frustration 
595,599,Spent hours creating the perfect playlist for every mood. Music is my therapy. #PlaylistMaker #TeenMusicLover , Joy 
596,600,Successfully cooked a gourmet meal for the family. Chef skills unlocked! #ChefMode #TeenChef , Pride 
597,601,Spontaneously booked a weekend getaway. Adventure awaits! #TravelBug #WeekendEscape , Excitement 
598,602,Attended a concert and danced the night away. Music is the heartbeat of life. #ConcertVibes #DanceAllNight , Joy 
599,603,Rediscovered childhood cartoons and had a nostalgia-filled marathon. #CartoonNostalgia #TeenMemories , Joy 
600,604,Embarked on a DIY home decor project. Let's hope it turns out better than last time. #DIYAdventure #TeenHomeDecor , Excitement 
601,605,"Spent the afternoon at a museum, pretending to be cultured. Art enthusiast in the making. #MuseumDay #TeenArtLover ", Curiosity 
602,606,Started a blog about random thoughts and musings. Blogging is the new diary. #BloggerLife #TeenBlogger , Curiosity 
603,607,Relishing a peaceful afternoon with a classic novel. Quiet moments are the best moments. #BookLover #PeacefulAfternoon , Contentment 
604,608,"Reflecting on a lifetime of memories, each wrinkle tells a story. Embracing the beauty of aging. #LifeReflections #BeautyInAging ", Gratitude 
605,609,Exploring the world of digital art. It's never too late to discover new passions. #DigitalArtistry #LateBloomer , Curiosity 
606,610,Savoring the flavors of a home-cooked meal. Simple joys are the heart of happiness. #HomeCooking #SimpleJoys , Contentment 
607,611,Embarking on a journey of learning a new language. The mind stays young with every new word. #LanguageLearning #NeverTooLate , Curiosity 
608,612,"Attended a classical music concert, feeling the timeless melodies resonate. Music transcends generations. #ClassicalMusic #TimelessMelodies ", Joy 
609,613,Capturing the beauty of nature through photography. Every snapshot is a treasure. #NaturePhotography #SeniorPhotographer , Joy 
610,614,"Reconnecting with old friends over a cup of tea. Friendship, the true essence of companionship. #OldFriends #Companionship ", Contentment 
611,615,"Embarked on a road trip to revisit cherished places from the past. Nostalgia, the ultimate travel companion. #RoadTrip #NostalgiaTour ", Joy 
612,616,"Joined a community choir, harmonizing with fellow voices. Music creates bonds that withstand time. #CommunityChoir #HarmonyInAging ", Joy 
613,617,"Exploring the art of meditation, finding tranquility in the stillness of the mind. #MeditationJourney #TranquilMind ", Contentment 
614,618,"Taking a stroll in the garden, appreciating the beauty of blooming flowers. Nature's wonders never cease. #GardenWalk #FloralBeauty ", Contentment 
615,619,"Sipping on a favorite vintage wine, each sip telling a story of the years gone by. Cheers to a life well-lived. #WineLover #VintageCheers ", Contentment 
616,620,"Participated in a community art class, unleashing creativity in the golden years. Art has no age limit. #ArtClass #SeniorArtistry ", Joy 
617,621,"Embarking on a journey of writing a memoir, documenting a lifetime of experiences. Every story matters. #MemoirWriting #SeniorStories ", Gratitude 
618,622,"Attended a lecture on history, always fascinated by the lessons from the past. Learning is a lifelong adventure. #HistoryLecture #SeniorLearning ", Curiosity 
619,623,"Rediscovered the joy of cooking traditional family recipes. The kitchen, a place of cherished memories. #FamilyRecipes #SeniorCooking ", Contentment 
620,624,"Joined a nature photography club, capturing the beauty of the great outdoors. Every click is a connection to nature. #NaturePhotography #SeniorPhotographer ", Joy 
621,625,"Attended a jazz concert and swayed to the rhythm of timeless tunes. Music, a constant companion in the golden years. #JazzConcert #SeniorMusic ", Joy 
622,626,"Joined a writing group, penning down thoughts and reflections. Writing, a journey into the depths of the soul. #WritingGroup #SeniorWriter ", Gratitude 
623,627,"Embarked on a solo travel adventure, discovering the beauty of new places at my own pace. #SoloTravel #SeniorExplorer ", Excitement 
624,628,"Attended a vintage car show, reminiscing about the classics that once ruled the roads. Nostalgia in every rev. #VintageCars #ClassicRides ", Joy 
625,629,"Started a community garden, growing not just plants but friendships too. Green thumbs unite! #CommunityGarden #SeniorGardener ", Joy 
626,630,"Hosted a family dinner, where laughter echoed louder than the clinking of utensils. Family, the heart of happiness. #FamilyDinner #SeniorHost ", Contentment 
627,631,"Enrolled in a dance class for seniors, moving to the rhythm of life. Age is just a number on the dance floor. #DanceClass #SeniorDancer ", Joy 
628,632,"Visited an art gallery, appreciating the brushstrokes that tell tales of creativity. Art, an eternal companion. #ArtGallery #SeniorArtLover ", Joy 
629,633,"Started a book club for seniors, where discussions are as lively as the characters in the novels. #BookClub #SeniorReaders ", Joy 
630,634,"Hosted a picnic in the park, basking in the warmth of friendship and sunshine. Simple joys, timeless memories. #ParkPicnic #SeniorJoy ", Contentment 
631,635,"Participated in a local theater production, proving that the stage belongs to every age. #TheaterProduction #SeniorActor ", Joy 
632,636,"Embarked on a hiking adventure, conquering trails and relishing the beauty of nature. Age is just a number on the mountaintop. #HikingAdventure #SeniorHiker ", Excitement 
633,637,Hosted a photography exhibition featuring snapshots of a life well-lived. Every photo has a story to tell. #PhotographyExhibition #SeniorPhotographer , Gratitude 
634,638,"Joined a seniors' cycling club, feeling the wind in my hair and the freedom of the open road. #CyclingClub #SeniorCyclist ", Excitement 
635,639,"Attended a wine tasting event, savoring the richness of flavors that age like fine wine. Cheers to the golden years! #WineTasting #SeniorWineLover ", Joy 
636,640,"Started learning ballroom dancing, gliding gracefully across the dance floor. Ageless elegance in every step. #BallroomDancing #SeniorDancer ", Joy 
637,641,"Organized a community painting event, turning blank canvases into a masterpiece of shared creativity. #PaintingEvent #SeniorArtist ", Joy 
638,642,"Hosted a 'memory lane' evening with old friends, reminiscing about the adventures that shaped our lives. #MemoryLane #SeniorReminiscing ", Gratitude 
639,643,"Joined a seniors' astronomy club, stargazing and finding wonder in the vastness of the cosmos. #AstronomyClub #SeniorStargazer ", Curiosity 
640,644,"Attended a local jazz festival, tapping toes to the tunes that have stood the test of time. Music, a lifelong love affair. #JazzFestival #SeniorMusicLover ", Joy 
641,645,"Started a blog sharing the wisdom gained through the years, proving that every day is a chance to learn and grow. #SeniorWisdom #Blog ", Gratitude 
642,646,"Participated in a charity run, proving that age is no barrier to supporting meaningful causes. #CharityRun #SeniorRunner ", Excitement 
643,647,"Survived a challenging physics exam. Equations, you won't defeat me! ", Relief 
644,648,Exploring the world of coding. Debugging is an adventure on its own! #CodingJourney #HighSchoolCoder , Excitement 
645,649,"Joined the school debate team. Words are my weapons, and I'm ready for battle! ", Excitement 
646,650,"Started a photography club at school. Capturing moments, one snapshot at a time! ", Joy 
647,651,"Daydreaming about the upcoming prom. The dress, the dance ‚Äì it's a fairytale in the making! ", Excitement 
648,652,Convinced the teacher to have class outdoors. Learning equations with a side of fresh air! , Positive 
649,653,"Accidentally spilled paint in art class. Abstract art, right? #ArtClassAdventures #HighSchoolArtist ", Embarrassed 
650,654,Trying to master the perfect kickflip on my skateboard. Skating into the weekend like a pro! , Excitement 
651,655,Bonding with friends over the latest K-pop sensation. Fangirling at its finest! , Joy 
652,656,Spent hours perfecting a chemistry experiment. Mixing potions like a wizard! , Joy 
653,657,Successfully organized a surprise birthday party for a friend. Party planning expert mode: Achieved! , Joy 
654,658,"Joined the drama club to unleash my inner actor. Lights, camera, action! ", Excitement 
655,659,Got my hands on the latest fantasy novel. Diving into realms of magic and adventure! , Excitement 
656,660,Mastering the art of the perfect doodle during boring classes. Doodles: A+! , Joy 
657,661,Attempting to break the school record for the longest handstand. Wish me luck! , Excitement 
658,662,Sneaking snacks into class like a pro. The art of snack-smuggling is a sacred skill! , Mischievous 
659,663,Hosting a sleepover with friends this weekend. Preparing for a night of laughter and memories! , Excitement 
660,664,"Spent hours on a TikTok dance, only to realize I have two left feet. Dance fail: Unleashed! ", Embarrassed 
661,665,Accidentally liked my crush's old photo while stalking their profile. Awkward level: Maximum! , Embarrassed 
662,666,Tried to impress my crush with a smooth conversation. Ended up spilling my drink. Smooth level: Nonexistent! , Embarrassed 
663,667,Mastered the art of creating paper airplanes during lecture. Paper planes: Soaring to new heights! , Joy 
664,668,Trying to set a new trend by juggling textbooks between classes. Academic juggling: A unique skill! , Excitement 
665,669,Hiding a snack stash in my backpack for emergency cravings. Snack ninja mode: Activated! , Mischievous 
666,670,Planning a surprise scavenger hunt for friends. Anticipating the thrill and excitement! , Excitement 
667,671,Danced in the rain to celebrate the end of exams. Rain dance: Unexpectedly refreshing! , Joy 
668,672,Accidentally sent a text meant for a friend to the class group chat. Texting fail: Oops moment! , Embarrassed 
669,673,Tried a magic trick to impress classmates. Magic fail: Where did that rabbit go? , Embarrassed 
670,674,Perfecting the art of creating origami during a dull lecture. Origami mastery: A+! , Joy 
671,675,Attempting to set a new record for the most consecutive hacky sack kicks. Hacky sack skills: Unleashed! , Excitement 
672,676,Creating a secret handshake with friends. Friendship level: Expert! , Joy 
673,677,Embarking on a mission to find the best burger joint in town. Burger connoisseur: Reporting for duty! , Excitement 
674,678,Practicing a stand-up comedy routine for the upcoming talent show. Comedy gig: In the making! , Joy 
675,679,Accidentally sent a love letter to the wrong person. Love note fail: Maximum embarrassment! , Embarrassed 
676,680,Attempting to impress the teacher with an elaborate science experiment. Science geek mode: Activated! , Excitement 
677,681,Crafting intricate friendship bracelets for the whole squad. Friendship level: Expert weaver! , Joy 
678,682,Attempting to beat the record for the most consecutive cartwheels. Cartwheel challenge: Underway! , Excitement 
679,683,Organizing a movie marathon with friends. Popcorn and cinematic adventures await! , Joy 
680,684,Experimenting with a new hair color. A bold change for a bold semester! , Excitement 
681,685,Building a time capsule to capture memories for the future. Time-traveling emotions! , Joy 
682,686,Accidentally walked into the wrong classroom on the first day. Classroom mix-up: Awkward start! , Embarrassed 
683,687,Trying out a new smoothie recipe for a healthy start to the week. Smoothie enthusiast: Level up! , Excitement 
684,688,Reflecting on the challenges of the school year. Feeling a bit overwhelmed with assignments. , Sad 
685,689,Encountered some mean-spirited comments online. Dealing with online hate is never easy. , Hate 
686,690,Had a bad day at school. Everything seems to be going wrong. , Bad 
687,691,Feeling down after not making the sports team. Disappointment lingers. , Sad 
688,692,Witnessed a heated argument in the cafeteria. Unpleasant atmosphere at lunch. , Hate 
689,693,Received a not-so-great grade on a major project. Academic frustration setting in. , Bad 
690,694,Dealing with a personal setback. Sometimes life throws unexpected challenges. , Sad 
691,695,Feeling lonely on a Saturday night. Sometimes solitude hits harder than expected. , Sad 
692,696,Experiencing cyberbullying. Hateful messages online are disheartening. , Hate 
693,697,Caught in a torrential rainstorm without an umbrella. Today's weather is just bad luck. , Bad 
694,698,Missing an important event due to unforeseen circumstances. A day filled with sadness. , Sad 
695,699,Dealing with unfounded rumors circulating about personal life. Rumors can be hurtful. , Hate 
696,700,Got a flat tire on the way to an important meeting. Talk about a series of bad events! , Bad 
697,701,Feeling a sense of emptiness after a close friend moves away. Farewells are always sad. , Sad 
698,702,Facing rejection from a dream college. Disheartened but determined to explore other paths. , Sad 
699,703,Encountering online toxicity during a gaming session. Hateful comments can ruin the fun. , Hate 
700,704,Having a bad hair day and feeling self-conscious. Bad hair days can affect confidence. , Bad 
701,705,Feeling a sense of despair after a major project failure. Hard work didn't pay off this time. , Sad 
702,706,Experiencing hate comments for expressing personal opinions. Online negativity prevails. , Hate 
703,707,Having a string of bad luck with constant technology malfunctions. Tech troubles galore! , Bad 
704,708,Missing out on a long-anticipated event due to unexpected circumstances. A day filled with sadness. , Sad 
705,709,Trying out a new study technique for upcoming exams. Exploring different learning strategies. , Neutral 
706,710,Organizing a community cleanup event for a cleaner neighborhood. Promoting environmental awareness. , Neutral 
707,711,Sharing favorite book recommendations with classmates. Building a mini book club. , Neutral 
708,712,Experimenting with a new recipe for a school bake sale. Baking adventures in the kitchen. , Neutral 
709,713,Collaborating on a school project with peers. Teamwork makes the dream work. , Neutral 
710,714,Attending a school club meeting to explore new interests. Dabbling in extracurricular activities. , Neutral 
711,715,Exploring a new part-time job opportunity for gaining work experience. Career development in progress. , Neutral 
712,716,Attending a school assembly to stay informed about upcoming events and announcements. Staying connected with school activities. , Neutral 
713,717,Exploring a new hobby of photography during free time. Capturing moments through a lens. , Neutral 
714,718,Participating in a science fair to showcase a unique experiment. Sharing knowledge with peers. , Neutral 
715,719,Attending a workshop on time management to enhance organizational skills. Striving for efficiency. , Neutral 
716,720,Volunteering at a local charity event to give back to the community. Contributing to social causes. , Neutral 
717,721,Collaborating on a group project to promote teamwork and shared responsibilities. Group effort in action. , Neutral 
718,722,Participating in a debate club to enhance critical thinking and communication skills. Intellectual engagement in progress. , Neutral 
719,723,Celebrating a friend's birthday with a surprise party. Joyful moments and laughter all around! , Happy 
720,724,Successfully completing a challenging coding project. Excitement for overcoming coding hurdles! , Happy 
721,725,Attending a school talent show to support classmates. Applauding the diverse talents on display! , Happy 
722,726,"Exploring a new hiking trail with friends over the weekend. Nature, laughter, and good vibes! ", Happy 
723,727,Winning a friendly sports competition against rival schools. Victory celebrations in full swing! , Happy 
724,728,Receiving a heartfelt letter from a pen pal in another country. Connecting across the globe! , Happy 
725,729,Creating a beautiful mural with fellow art enthusiasts. The power of collaboration and creativity! , Happy 
726,730,Participating in a school-wide art exhibition. Witnessing creativity and spreading positive vibes! , Happy 
727,731,Achieving a personal best in a track and field competition. The thrill of victory and self-improvement! , Happy 
728,732,Collaborating on a science project that received recognition at a regional fair. Science triumphs and smiles! , Happy 
729,733,"Attending a surprise birthday party organized by friends. Surrounded by love, laughter, and good company! ", Happy 
730,734,Successfully fundraising for a school charity initiative. The joy of giving back to the community! , Happy 
731,735,"Participating in a multicultural festival, celebrating diversity with music, dance, and delicious food! ", Happy 
732,736,"Organizing a virtual talent show during challenging times, bringing smiles to classmates' faces! ", Happy 
